{
  "courant_number": 0.4330127018922193,
  "energy": 9.675580058099047,
  "l2_norm": 6.784756274463058,
  "maximum": 0.11245811362143128,
  "mean": 0.030755550439347936,
  "minimum": -0.3556855502530034,
  "step_index": 20
}
