frequency_hz,h_res
1000,1.000000000000e-24
100,1.000000000000e-26
10,1.000000000000e-28
0.001,1.000000000000e-36
